93,3,,
22,4.1,3,245
21,6,2,243
21,5.5,2,231
24,3.6,4,246
25,7,1,278
24,6.2,1,241
20,5.3,2,250
22,4.4,3,229
25,3.8,1,219
26,6.2,2,229
24,5.1,2,254
21,5.5,2,231
24,3.6,4,246
25,7,1,278
24,6.2,1,241
20,5.3,2,250
22,4.4,3,229
25,3.8,1,219
26,6.2,2,229
24,5.1,2,254
21,5.5,2,231
24,3.6,4,246
25,7,1,278
24,6.2,1,241
20,5.3,2,250
22,4.4,3,229
25,3.8,1,219
26,6.2,2,229
24,5.1,2,254
21,5.5,2,231
24,3.6,4,246
25,7,1,278
24,6.2,1,241
20,5.3,2,250
22,4.4,3,229
25,3.8,1,219
26,6.2,2,229
24,5.1,2,254
21,5.5,2,231
24,3.6,4,246
25,7,1,278
24,6.2,1,241
20,5.3,2,250
22,4.4,3,229
25,3.8,1,219
26,6.2,2,229
24,5.1,2,254
21,5.5,2,231
24,3.6,4,246
25,7,1,278
24,6.2,1,241
20,5.3,2,250
22,4.4,3,229
25,3.8,1,219
26,6.2,2,229
24,5.1,2,254
21,5.5,2,231
24,3.6,4,246
25,7,1,278
24,6.2,1,241
20,5.3,2,250
22,4.4,3,229
25,3.8,1,219
26,6.2,2,229
24,5.1,2,254
21,5.5,2,231
24,3.6,4,246
25,7,1,278
24,6.2,1,241
20,5.3,2,250
22,4.4,3,229
25,3.8,1,219
26,6.2,2,229
24,5.1,2,254
21,5.5,2,231
24,3.6,4,246
25,7,1,278
24,6.2,1,241
20,5.3,2,250
22,4.4,3,229
25,3.8,1,219
26,6.2,2,229
24,5.1,2,254
21,5.5,2,231
24,3.6,4,246
25,7,1,278
24,6.2,1,241
20,5.3,2,250
22,4.4,3,229
25,3.8,1,219
26,6.2,2,229
24,5.1,2,254
21,5.5,2,231
